{
  "enabled": true,
  "decimalPlaces": 0,
  "renderMode": "DEFAULT",
  "startCorner": "TOP_LEFT",
  "visibilityFilter": "ALWAYS",
  "hudX": 0,
  "hudY": 0,
  "hudScale": 1.0,
  "hudTextShadow": true,
  "renderBackground": true,
  "renderXYZ": true,
  "renderChunkData": true,
  "renderDirection": true,
  "renderDirectionInt": true,
  "renderBiome": true,
  "biomeColors": true,
  "dimensionColors": true,
  "renderMCVersion": true,
  "renderDimension": true,
  "definitionColor": 5635925,
  "dataColor": 16777215,
  "deathPosColor": 5636095,
  "backgroundColor": 1079794780,
  "displayPosOnDeathScreen": true,
  "showDeathPosInChat": true,
  "padding": 5,
  "textPadding": 5,
  "posChatMessage": "{x} {y} {z}",
  "copyPosMessage": "{x}, {y}, {z}",
  "includeDecimalsWhenCopying": true,
  "teleportMode": "EXECUTE",
  "render3dCompass": true
}